Keyword,Intent,Volume,Keyword Difficulty
toallas personalizadas,Commercial,1600,7
toalla personalizada,"Informational, Transactional",880,10
toallas personalizadas bebe,"Informational, Commercial",390,5
toallas personalizadas playa,Informational,320,5
toalla de playa personalizada,Informational,170,5
toalla personalizada con nombre,"Informational, Transactional",170,3
toalla personalizada nombre,"Informational, Transactional",170,3
toallas bordadas con nombres,"Informational, Transactional",170,2
toallas con nombres bordados,"Informational, Transactional",170,3
toallas nombre bordado,"Informational, Commercial",170,2
